{"file": "/home/kronos/mushroooom/data/zenodo_5790768/Schizophyllum commune.txt", "channel": "diff_1", "fs_hz": 1.0, "spike_count": 91, "created_by": "joe knowles", "timestamp": "2025-08-19T11:38:02", "intended_for": "peer_review", "amplitude_stats": {"count": 91, "mean": 0.16281318520879123, "std": 0.28606572931288166, "min": -0.87, "max": 0.602, "skewness": -0.8249715785073553, "kurtosis_excess": 0.7553490873872573, "shannon_entropy_bits": 3.5010875428122605}, "duration_stats": {"count": 91, "mean": 5.131868131868132, "std": 12.682261377725208, "min": 0.0, "max": 101.0, "skewness": 5.96699932410367, "kurtosis_excess": 38.150963761743235, "shannon_entropy_bits": 0.9297148007220372}, "isi_stats": {"count": 90, "mean": 2729.222222222222, "std": 5805.867527821943, "min": 130.0, "max": 32243.0, "skewness": 3.2148999466478982, "kurtosis_excess": 10.235774843375301, "shannon_entropy_bits": 1.525660865511323}, "band_fractions": {"5.5": 0.234375, "24.5": 0.203125, "104.0": 0.5625}}