{"snr": {"sqrt": 2460.708395451215, "stft": 22019410.73239449}, "concentration": {"sqrt": 0.33009646846005264, "stft": 0.02725746239415899}}