{"snr": {"sqrt": 1167.6229318806904, "stft": 22019410.73239449}, "concentration": {"sqrt": 0.05253929320590997, "stft": 0.02725746239415899}}