{"file": "/home/kronos/mushroooom/data/zenodo_5790768/Ghost Fungi Omphalotus nidiformis.txt", "channel": "diff_1", "fs_hz": 1.0, "spike_count": 19, "created_by": "joe knowles", "timestamp": "2025-08-19T11:40:12", "intended_for": "peer_review", "amplitude_stats": {"count": 19, "mean": 0.21005263468421048, "std": 0.200668747587478, "min": -0.096999995, "max": 0.64500004, "skewness": 0.4910755700005048, "kurtosis_excess": -0.5618935267958682, "shannon_entropy_bits": 3.4263674884731223}, "duration_stats": {"count": 19, "mean": 2.0526315789473686, "std": 2.16366366222047, "min": 0.0, "max": 7.0, "skewness": 0.7427970001395053, "kurtosis_excess": -0.6718973425300234, "shannon_entropy_bits": 2.502598068247205}, "isi_stats": {"count": 18, "mean": 173296.55555555556, "std": 211608.559471708, "min": 5945.0, "max": 744700.0, "skewness": 1.8422346748027196, "kurtosis_excess": 2.3126107370492806, "shannon_entropy_bits": 2.932999306637207}, "band_fractions": {"5.5": 0.0546875, "24.5": 0.046875, "104.0": 0.8984375}}