{"snr": {"sqrt": 315.76667441633157, "stft": 10873317.475290664}, "concentration": {"sqrt": 0.022571242652503203, "stft": 0.016478744916032965}}