{"file": "/home/kronos/mushroooom/data/zenodo_5790768/Cordyceps militari.txt", "channel": "diff_1", "fs_hz": 1.0, "spike_count": 2022, "created_by": "joe knowles", "timestamp": "2025-08-19T11:39:15", "intended_for": "peer_review", "amplitude_stats": {"count": 2022, "mean": 0.7919436201780415, "std": 0.6937557595396973, "min": -2.287, "max": 9.790999, "skewness": 1.0390429274062032, "kurtosis_excess": 22.19068940621563, "shannon_entropy_bits": 1.9821502805978004}, "duration_stats": {"count": 2022, "mean": 9.664193867457962, "std": 12.113602306855984, "min": 0.0, "max": 130.0, "skewness": 3.3016808128154005, "kurtosis_excess": 17.361577936119993, "shannon_entropy_bits": 2.0551161131341447}, "isi_stats": {"count": 2021, "mean": 939.26966848095, "std": 1377.9844907758368, "min": 181.0, "max": 38065.0, "skewness": 12.98431768227163, "kurtosis_excess": 289.5851047882466, "shannon_entropy_bits": 0.5157788656184294}, "band_fractions": {"5.5": 0.140625, "24.5": 0.0546875, "104.0": 0.8046875}}