{"file": "data/zenodo_5790768/Schizophyllum commune.txt", "channel": "diff_1", "fs_hz": 1.0, "spike_count": 10, "created_by": "joe knowles", "timestamp": "2025-08-30T14:41:07", "intended_for": "peer_review", "amplitude_stats": {"count": 10, "mean": 0.18950000600000003, "std": 0.4503141740651744, "min": -0.87, "max": 0.70600003, "skewness": -1.2147715769571845, "kurtosis_excess": 0.5527053082193709, "shannon_entropy_bits": 3.121928094887194}, "duration_stats": {"count": 10, "mean": 34.0, "std": 55.967847912886555, "min": 0.0, "max": 176.0, "skewness": 1.6839073171330028, "kurtosis_excess": 1.4189644097085337, "shannon_entropy_bits": 1.7709505944546358}, "isi_stats": {"count": 9, "mean": 3540.3333333333335, "std": 3658.7298949832907, "min": 333.0, "max": 11429.0, "skewness": 1.0299703439478345, "kurtosis_excess": -0.2231213278909796, "shannon_entropy_bits": 2.4193819456462626}, "band_fractions": {"5.5": 0.21875, "24.5": 0.203125, "104.0": 0.578125}, "spike_train_metrics": {"victor_distance": 1464.123063707082, "local_variation": 0.667628678502384, "cv_squared": 1.175958207791771, "fano_factor": 0.9977226144386245, "burst_index": 0.3937482346295076, "regularity_metrics": {"cv": 1.033442207414544, "cv2": 1.175958207791771, "lv": 0.667628678502384, "burst_index": 0.3937482346295076, "fano_factor": 0.9977226144386245}, "complexity_measures": {"entropy_rate": 2.446633644894603, "fractal_dimension": -9.555206385521445e-17, "lyapunov_exponent": 0.23467189049344245, "victor_distance": 1464.123063707082}}, "multiscale_entropy": {"mse_values": [0.0005024828493272311, 0.0010056637334396761, 0.0015094484239511611, 0.002014122452673726, 0.0025193223669273293, 0.0030251911590389127, 0.0035320635325965925, 0.004039447511808766, 0.004546816539029993, 0.005055366567589618], "mean_mse": 0.0027749925136383003, "complexity_index": 0.09939592759676244, "scale_range": [1, 10], "interpretation": "very_low_complexity", "description": "Multiscale entropy quantifies spike train complexity across temporal scales"}}