{
  "sqrt_mean": 0.10933522171439314,
  "sqrt_ci95": [
    0.09528859662155038,
    0.12298532526346982
  ],
  "stft_mean": 0.030961203703996236,
  "stft_ci95": [
    0.026384336486114594,
    0.03622311900924896
  ],
  "diff_mean": 0.0783740180103969,
  "diff_ci95": [
    0.06913966058330909,
    0.08761596572744441
  ],
  "ratio_mean": 5.081587298925307,
  "ratio_ci95": [
    4.621313462951925,
    5.567545555059475
  ],
  "n_windows": 128
}