{"file": "/workspace/tmp/zenodo_test.txt", "channel": "diff_1", "fs_hz": 1.0, "spike_count": 19, "created_by": "joe knowles", "timestamp": "2025-08-29T22:09:20", "intended_for": "peer_review", "amplitude_stats": {"count": 19, "mean": 0.007020368421052623, "std": 0.3850291678661584, "min": -0.389893, "max": 1.233272, "skewness": 1.5730949589362053, "kurtosis_excess": 2.68703405223864, "shannon_entropy_bits": 2.4392681462540446}, "duration_stats": {"count": 19, "mean": 1.631578947368421, "std": 2.5794843694405993, "min": 0.0, "max": 12.0, "skewness": 3.353802156214216, "kurtosis_excess": 10.787214165824896, "shannon_entropy_bits": 1.9526832779468846}, "isi_stats": {"count": 18, "mean": 197.05555555555554, "std": 308.3485531779151, "min": 39.0, "max": 1261.0, "skewness": 2.6546260640252335, "kurtosis_excess": 5.7383770288074665, "shannon_entropy_bits": 1.6805563732659805}, "band_fractions": {"5.5": 0.2578125, "24.5": 0.3203125, "104.0": 0.421875}}