{
  "snr": {
    "sqrt": 682.5753434616769,
    "stft": 830.0400390733653,
    "stft_mt": 789.696074746899,
    "ssq": null,
    "reassigned": 4.0165882112231905
  },
  "concentration": {
    "sqrt": 0.18419085582252892,
    "stft": 0.04704124388025195,
    "stft_mt": 0.04897637432585823,
    "ssq": null,
    "reassigned": 0.0014637554517171025
  }
}