{
  "file": "data/zenodo_5790768/Ghost Fungi Omphalotus nidiformis.txt",
  "channel": "diff_1",
  "taus": [
    5.5,
    24.5,
    104.0
  ],
  "nu0": 8,
  "configs": [
    [
      "gaussian",
      false,
      3.0,
      0
    ],
    [
      "gaussian",
      true,
      3.0,
      0
    ],
    [
      "bump",
      false,
      3.0,
      0
    ],
    [
      "bump",
      true,
      3.0,
      0
    ],
    [
      "bump",
      true,
      2.5,
      0
    ],
    [
      "bump",
      true,
      3.5,
      0
    ],
    [
      "bump",
      true,
      3.0,
      2
    ]
  ],
  "results": {
    "gaussian_detrend_0_supp_3.0_shrink_0": {
      "real": {
        "avg_concentration": 0.13808131083088196,
        "avg_snr": 18421.390129697127,
        "n_points": 24
      },
      "surrogate": {
        "snr": [
          5657.9516676083995,
          13680.728953333159,
          4224.84146537373,
          7213.465170775671,
          5518.384615892122
        ],
        "concentration": [
          0.1203839080010466,
          0.14075815748409654,
          0.12386496194064726,
          0.12889501250011398,
          0.12483410243192784
        ],
        "p_snr": 0.16666666666666666,
        "p_concentration": 0.3333333333333333
      }
    },
    "gaussian_detrend_1_supp_3.0_shrink_0": {
      "real": {
        "avg_concentration": 0.7492825408287814,
        "avg_snr": 487758.849176289,
        "n_points": 24
      },
      "surrogate": {
        "snr": [
          388544.18907289783,
          423433.0764977229,
          239325.01965409153,
          253687.24238641094,
          327793.1099400955
        ],
        "concentration": [
          0.7273731691109674,
          0.6927336720513338,
          0.7323786444592576,
          0.6928080957839798,
          0.7265262760192179
        ],
        "p_snr": 0.16666666666666666,
        "p_concentration": 0.16666666666666666
      }
    },
    "bump_detrend_0_supp_3.0_shrink_0": {
      "real": {
        "avg_concentration": 0.1625268342258129,
        "avg_snr": 22176.12164319979,
        "n_points": 24
      },
      "surrogate": {
        "snr": [
          6735.993354357558,
          15680.966462376551,
          4838.339418612707,
          8317.577060910298,
          6399.4404731874565
        ],
        "concentration": [
          0.13729990063711106,
          0.16580034975364408,
          0.13769377861757517,
          0.14590681500563826,
          0.14294007616434934
        ],
        "p_snr": 0.16666666666666666,
        "p_concentration": 0.3333333333333333
      }
    },
    "bump_detrend_1_supp_3.0_shrink_0": {
      "real": {
        "avg_concentration": 0.7656541426324349,
        "avg_snr": 460860.8402555503,
        "n_points": 24
      },
      "surrogate": {
        "snr": [
          267512.3629938838,
          505058.2637514719,
          241295.06927790935,
          281605.3047623961,
          425356.8787225353
        ],
        "concentration": [
          0.7223382219103991,
          0.7139435220379996,
          0.7010594362491723,
          0.688913779098537,
          0.7274638005972504
        ],
        "p_snr": 0.3333333333333333,
        "p_concentration": 0.16666666666666666
      }
    },
    "bump_detrend_1_supp_2.5_shrink_0": {
      "real": {
        "avg_concentration": 0.7403993673613996,
        "avg_snr": 363731.463056612,
        "n_points": 24
      },
      "surrogate": {
        "snr": [
          443242.720899862,
          445875.0698409234,
          292861.48937512626,
          270839.3134248108,
          450367.48249590956
        ],
        "concentration": [
          0.7359615574624527,
          0.7341559210913228,
          0.7463747895661398,
          0.6773907350253886,
          0.7463008652556136
        ],
        "p_snr": 0.6666666666666666,
        "p_concentration": 0.5
      }
    },
    "bump_detrend_1_supp_3.5_shrink_0": {
      "real": {
        "avg_concentration": 0.7493126495189121,
        "avg_snr": 410668.2145078935,
        "n_points": 24
      },
      "surrogate": {
        "snr": [
          232877.11908400236,
          496829.5167295293,
          230372.0846097983,
          251815.2883251988,
          276557.6240840086
        ],
        "concentration": [
          0.6866103971447073,
          0.6987233292746846,
          0.6818228432997001,
          0.6588750224994745,
          0.7086042154355416
        ],
        "p_snr": 0.3333333333333333,
        "p_concentration": 0.16666666666666666
      }
    },
    "bump_detrend_1_supp_3.0_shrink_2": {
      "real": {
        "avg_concentration": 0.8803984171938616,
        "avg_snr": 2562646858.8631997,
        "n_points": 24
      },
      "surrogate": {
        "snr": [
          698453.0728340453,
          21257892917.280384,
          6124029.656709178,
          2531286.992381889,
          10398537.215049565
        ],
        "concentration": [
          0.7948346337919228,
          0.9041805763560684,
          0.8757533342579676,
          0.8488014766432626,
          0.8958175551294448
        ],
        "p_snr": 0.3333333333333333,
        "p_concentration": 0.5
      }
    }
  }
}