{"file": "/home/kronos/mushroooom/data/zenodo_5790768/Cordyceps militari.txt", "channel": "diff_1", "fs_hz": 1.0, "spike_count": 1114, "created_by": "joe knowles", "timestamp": "2025-08-19T00:20:53", "intended_for": "peer_review", "amplitude_stats": {"count": 1114, "mean": 0.6532289040305206, "std": 0.547130692751928, "min": -2.0349998, "max": 9.790999, "skewness": 7.311319476392805, "kurtosis_excess": 102.04157537849251, "shannon_entropy_bits": 1.3194576413379429}, "duration_stats": {"count": 1114, "mean": 12.073608617594255, "std": 10.989384632002254, "min": 0.0, "max": 105.0, "skewness": 3.328891767258134, "kurtosis_excess": 18.41305981354643, "shannon_entropy_bits": 2.548403158969139}, "isi_stats": {"count": 1113, "mean": 1610.123989218329, "std": 10020.516354538866, "min": 124.0, "max": 242657.0, "skewness": 17.64094038548966, "kurtosis_excess": 362.8143009771652, "shannon_entropy_bits": 0.14238605704645033}, "band_fractions": {"5.5": 0.140625, "24.5": 0.0546875, "104.0": 0.8046875}}