{"snr": {"sqrt": 3956.2307470067667, "stft": 10873317.475290664}, "concentration": {"sqrt": 0.583778603160722, "stft": 0.016478744916032965}}