{"snr": {"sqrt": 3571.96368317529, "stft": 22019410.73239449}, "concentration": {"sqrt": 0.42052489296692747, "stft": 0.02725746239415899}}