{"file": "data/zenodo_5790768/Schizophyllum commune.txt", "channel": "diff_1", "fs_hz": 1.0, "spike_count": 10, "created_by": "joe knowles", "timestamp": "2025-08-30T21:50:19", "intended_for": "peer_review", "amplitude_stats": {"count": 10, "mean": 0.18950000600000003, "std": 0.4503141740651744, "min": -0.87, "max": 0.70600003, "skewness": -1.2147715769571845, "kurtosis_excess": 0.5527053082193709, "shannon_entropy_bits": 3.121928094887194}, "duration_stats": {"count": 10, "mean": 34.0, "std": 55.967847912886555, "min": 0.0, "max": 176.0, "skewness": 1.6839073171330028, "kurtosis_excess": 1.4189644097085337, "shannon_entropy_bits": 1.7709505944546358}, "isi_stats": {"count": 9, "mean": 3540.3333333333335, "std": 3658.7298949832907, "min": 333.0, "max": 11429.0, "skewness": 1.0299703439478345, "kurtosis_excess": -0.2231213278909796, "shannon_entropy_bits": 2.4193819456462626}, "band_fractions": {"5.5": 0.1875, "24.5": 0.375, "104.0": 0.4375}, "spike_train_metrics": {"victor_distance": 1464.123063707082, "local_variation": 0.667628678502384, "cv_squared": 1.175958207791771, "fano_factor": 0.9977226144386245, "burst_index": 0.3937482346295076, "regularity_metrics": {"cv": 1.033442207414544, "cv2": 1.175958207791771, "lv": 0.667628678502384, "burst_index": 0.3937482346295076, "fano_factor": 0.9977226144386245}, "complexity_measures": {"entropy_rate": 2.446633644894603, "fractal_dimension": -9.555206385521445e-17, "lyapunov_exponent": 0.23467189049344245, "victor_distance": 1464.123063707082}}, "multiscale_entropy": {"mse_values": [0.0005024828493272311, 0.0010056637334396761, 0.0015094484239511611, 0.002014122452673726, 0.0025193223669273293, 0.0030251911590389127, 0.0035320635325965925, 0.004039447511808766, 0.004546816539029993, 0.005055366567589618], "mean_mse": 0.0027749925136383003, "complexity_index": 0.09939592759676244, "scale_range": [1, 10], "interpretation": "very_low_complexity", "description": "Multiscale entropy quantifies spike train complexity across temporal scales"}, "stimulus_validation": {"summary": {"total_stimuli": 3, "analyzed_responses": 3, "significant_responses": 3, "significant_percentage": 100.0, "strong_effect_responses": 3, "strong_effect_percentage": 100.0, "average_cohens_d": 1.721245510797629, "median_p_value": 4.4522649057850694e-76}, "individual_responses": [{"stimulus_time_s": 600.0, "pre_window_samples": 300, "post_window_samples": 300, "pre_stats": {"mean": 0.3873199996566667, "std": 0.20576615522463024, "median": 0.443, "min": -0.099999994, "max": 0.655}, "post_stats": {"mean": 0.6866166678666666, "std": 0.03131298528421072, "median": 0.69, "min": 0.593, "max": 0.73700005}, "statistical_tests": {"t_test": {"t_statistic": -24.865212857667316, "p_value": 4.4522649057850694e-76, "significant": true}, "mann_whitney": {"u_statistic": 425.5, "p_value": 7.25820073182979e-98, "significant": true}, "effect_size": {"cohens_d": 2.033628337996984, "interpretation": "large"}}, "signal_changes": {"mean_change": 0.29929666820999995, "median_change": 0.24699999999999994, "std_change": -0.1744531699404195, "mean_change_percent": 77.27374482993558}}, {"stimulus_time_s": 2400.0, "pre_window_samples": 300, "post_window_samples": 300, "pre_stats": {"mean": -0.4792966660666667, "std": 0.03126140326203737, "median": -0.481, "min": -0.545, "max": -0.361}, "post_stats": {"mean": -0.5029233333666667, "std": 0.030943563472245774, "median": -0.5015000000000001, "min": -0.57799995, "max": -0.437}, "statistical_tests": {"t_test": {"t_statistic": 9.288002561727211, "p_value": 2.880982966261099e-19, "significant": true}, "mann_whitney": {"u_statistic": 62465.5, "p_value": 1.9233195139616173e-16, "significant": true}, "effect_size": {"cohens_d": 0.7596293392313639, "interpretation": "medium"}}, "signal_changes": {"mean_change": -0.023626667300000015, "median_change": -0.020500000000000074, "std_change": -0.000317839789791597, "mean_change_percent": -4.92944536708163}}, {"stimulus_time_s": 3600.0, "pre_window_samples": 300, "post_window_samples": 300, "pre_stats": {"mean": -0.35697666750000007, "std": 0.0217801774846121, "median": -0.35700002, "min": -0.418, "max": -0.297}, "post_stats": {"mean": -0.28562333310000004, "std": 0.03657514775426765, "median": -0.28800002, "min": -0.373, "max": -0.21100001}, "statistical_tests": {"t_test": {"t_statistic": -28.98389061903071, "p_value": 4.130218364136409e-108, "significant": true}, "mann_whitney": {"u_statistic": 4296.5, "p_value": 6.289857120144268e-82, "significant": true}, "effect_size": {"cohens_d": 2.370478855164539, "interpretation": "large"}}, "signal_changes": {"mean_change": 0.07135333440000002, "median_change": 0.06899999999999995, "std_change": 0.014794970269655549, "mean_change_percent": 19.988234777277146}}], "analysis_parameters": {"pre_window_s": 300.0, "post_window_s": 300.0, "fs_hz": 1.0, "pre_samples": 300, "post_samples": 300}}}