{"file": "data/zenodo_5790768/Schizophyllum commune.txt", "channel": "diff_1", "fs_hz": 1.0, "spike_count": 10, "created_by": "joe knowles", "timestamp": "2025-08-30T21:32:49", "intended_for": "peer_review", "amplitude_stats": {"count": 10, "mean": 0.18950000600000003, "std": 0.4503141740651744, "min": -0.87, "max": 0.70600003, "skewness": -1.2147715769571845, "kurtosis_excess": 0.5527053082193709, "shannon_entropy_bits": 3.121928094887194}, "duration_stats": {"count": 10, "mean": 34.0, "std": 55.967847912886555, "min": 0.0, "max": 176.0, "skewness": 1.6839073171330028, "kurtosis_excess": 1.4189644097085337, "shannon_entropy_bits": 1.7709505944546358}, "isi_stats": {"count": 9, "mean": 3540.3333333333335, "std": 3658.7298949832907, "min": 333.0, "max": 11429.0, "skewness": 1.0299703439478345, "kurtosis_excess": -0.2231213278909796, "shannon_entropy_bits": 2.4193819456462626}, "band_fractions": {"5.5": 0.1875, "24.5": 0.375, "104.0": 0.4375}, "spike_train_metrics": {"victor_distance": 1464.123063707082, "local_variation": 0.667628678502384, "cv_squared": 1.175958207791771, "fano_factor": 0.9977226144386245, "burst_index": 0.3937482346295076, "regularity_metrics": {"cv": 1.033442207414544, "cv2": 1.175958207791771, "lv": 0.667628678502384, "burst_index": 0.3937482346295076, "fano_factor": 0.9977226144386245}, "complexity_measures": {"entropy_rate": 2.446633644894603, "fractal_dimension": -9.555206385521445e-17, "lyapunov_exponent": 0.23467189049344245, "victor_distance": 1464.123063707082}}, "multiscale_entropy": {"mse_values": [0.0005024828493272311, 0.0010056637334396761, 0.0015094484239511611, 0.002014122452673726, 0.0025193223669273293, 0.0030251911590389127, 0.0035320635325965925, 0.004039447511808766, 0.004546816539029993, 0.005055366567589618], "mean_mse": 0.0027749925136383003, "complexity_index": 0.09939592759676244, "scale_range": [1, 10], "interpretation": "very_low_complexity", "description": "Multiscale entropy quantifies spike train complexity across temporal scales"}, "stimulus_validation": {"summary": {"total_stimuli": 3, "analyzed_responses": 3, "significant_responses": 3, "significant_percentage": 100.0, "strong_effect_responses": 3, "strong_effect_percentage": 100.0, "average_cohens_d": 1.9753157954346348, "median_p_value": 4.936454707708366e-150}, "individual_responses": [{"stimulus_time_s": 600.0, "pre_window_samples": 600, "post_window_samples": 600, "pre_stats": {"mean": -0.021385000729999958, "std": 0.47438285566456917, "median": -0.091000003, "min": -0.88, "max": 0.655}, "post_stats": {"mean": 0.6680066671166666, "std": 0.043174684577305826, "median": 0.677, "min": 0.534, "max": 0.73700005}, "statistical_tests": {"t_test": {"t_statistic": -35.420866532853054, "p_value": 4.936454707708366e-150, "significant": true}, "mann_whitney": {"u_statistic": 4585.5, "p_value": 9.696839489468239e-188, "significant": true}, "effect_size": {"cohens_d": 2.0467310031999153, "interpretation": "large"}}, "signal_changes": {"mean_change": 0.6893916678466665, "median_change": 0.768000003, "std_change": -0.43120817108726334, "mean_change_percent": 3223.715895784624}}, {"stimulus_time_s": 2400.0, "pre_window_samples": 600, "post_window_samples": 600, "pre_stats": {"mean": -0.40317833291666666, "std": 0.09922390437794863, "median": -0.439, "min": -0.545, "max": -0.124}, "post_stats": {"mean": -0.46786166619999997, "std": 0.04370308029296407, "median": -0.4605, "min": -0.57799995, "max": -0.389}, "statistical_tests": {"t_test": {"t_statistic": 14.601186930050122, "p_value": 4.154043787562462e-43, "significant": true}, "mann_whitney": {"u_statistic": 241942.0, "p_value": 5.752522649529934e-25, "significant": true}, "effect_size": {"cohens_d": 0.8437032997352775, "interpretation": "large"}}, "signal_changes": {"mean_change": -0.06468333328333331, "median_change": -0.02150000000000002, "std_change": -0.055520824084984564, "mean_change_percent": -16.04335550856667}}, {"stimulus_time_s": 3600.0, "pre_window_samples": 600, "post_window_samples": 600, "pre_stats": {"mean": -0.37399666738333337, "std": 0.027350929057232642, "median": -0.37399998, "min": -0.447, "max": -0.297}, "post_stats": {"mean": -0.2395583332833333, "std": 0.056345983862899233, "median": -0.23200001, "min": -0.373, "max": -0.129}, "statistical_tests": {"t_test": {"t_statistic": -52.532796745948474, "p_value": 1.4400670812118401e-271, "significant": true}, "mann_whitney": {"u_statistic": 4617.0, "p_value": 1.1221401288353643e-187, "significant": true}, "effect_size": {"cohens_d": 3.0355130833687114, "interpretation": "large"}}, "signal_changes": {"mean_change": 0.13443833410000006, "median_change": 0.14199997, "std_change": 0.028995054805666592, "mean_change_percent": 35.946398945369616}}], "analysis_parameters": {"pre_window_s": 600.0, "post_window_s": 600.0, "fs_hz": 1.0, "pre_samples": 600, "post_samples": 600}}}