{
  "taus": [
    "tau_5.5",
    "tau_24.5",
    "tau_104",
    "tau_5.5_norm",
    "tau_24.5_norm",
    "tau_104_norm"
  ],
  "mean": [
    710239326.058538,
    834248862.7821944,
    1026158951.8864577,
    0.21568659745700175,
    0.2634397978763806,
    0.5208736046666175
  ],
  "lo": [
    82602.14513655065,
    312588.6521235262,
    1051617.074384161,
    0.01339298133147016,
    0.08814548635249518,
    0.30120939202814084
  ],
  "hi": [
    2387551366.1693563,
    2764876349.1720295,
    2693841441.5221543,
    0.3536187769993376,
    0.38236668152556186,
    0.8984615323160347
  ]
}