{"snr": {"sqrt": 1167.6229318806909, "stft": 22019410.73239453}, "concentration": {"sqrt": 0.05253929320590997, "stft": 0.027257462394158986}}