{"snr": {"sqrt": 5110.012185703051, "stft": 38772791.529270336}, "concentration": {"sqrt": 0.601129471143232, "stft": 0.025170658466669698}}