{"snr": {"sqrt": 8570.392564048016, "stft": 56971757.623350255}, "concentration": {"sqrt": 0.6061047520409645, "stft": 0.013842836515039543}}