{"snr": {"sqrt": 18.71384768668309, "stft": 56971757.623350255}, "concentration": {"sqrt": 0.025987286949525023, "stft": 0.013842836515039543}}