{"file": "data/zenodo_5790768/Ghost Fungi Omphalotus nidiformis.txt", "channel": "diff_1", "fs_hz": 1.0, "spike_count": 6, "created_by": "joe knowles", "timestamp": "2025-08-22T00:07:25", "intended_for": "peer_review", "amplitude_stats": {"count": 6, "mean": 0.46016667333333333, "std": 0.10972909680967435, "min": 0.315, "max": 0.64500004, "skewness": 0.35801528977102226, "kurtosis_excess": -1.0191693110340951, "shannon_entropy_bits": 2.5849625007209656}, "duration_stats": {"count": 6, "mean": 4.166666666666667, "std": 1.2133516482134197, "min": 2.0, "max": 6.0, "skewness": -0.3213718854648579, "kurtosis_excess": -0.39943040227839033, "shannon_entropy_bits": 1.7924812503605199}, "isi_stats": {"count": 5, "mean": 293982.6, "std": 322739.21174818533, "min": 35968.0, "max": 881362.0, "skewness": 0.9765553244710701, "kurtosis_excess": -0.6235848353020859, "shannon_entropy_bits": 1.9219280948872663}, "band_fractions": {"5.5": 0.0625, "24.5": 0.0625, "104.0": 0.875}}