{"snr": {"sqrt": 5344.56547550458, "stft": 10873317.475290664}, "concentration": {"sqrt": 0.6007922573808671, "stft": 0.016478744916032965}}