{"snr": {"sqrt": 3836.612856843825, "stft": 38772791.529270336}, "concentration": {"sqrt": 0.5523311087625921, "stft": 0.025170658466669698}}