{"snr": {"sqrt": 364.2788205400272, "stft": 38772791.529270336}, "concentration": {"sqrt": 0.02872225050442339, "stft": 0.025170658466669698}}