{"snr": {"sqrt": 689.4899348357262, "stft": 22019410.73239449}, "concentration": {"sqrt": 0.05665017161739626, "stft": 0.02725746239415899}}