{"file": "data/zenodo_5790768/Schizophyllum commune.txt", "channel": "diff_1", "fs_hz": 1.0, "spike_count": 10, "created_by": "joe knowles", "timestamp": "2025-08-22T00:01:39", "intended_for": "peer_review", "amplitude_stats": {"count": 10, "mean": 0.18950000600000003, "std": 0.4503141740651744, "min": -0.87, "max": 0.70600003, "skewness": -1.2147715769571845, "kurtosis_excess": 0.5527053082193709, "shannon_entropy_bits": 3.121928094887194}, "duration_stats": {"count": 10, "mean": 34.0, "std": 55.967847912886555, "min": 0.0, "max": 176.0, "skewness": 1.6839073171330028, "kurtosis_excess": 1.4189644097085337, "shannon_entropy_bits": 1.7709505944546358}, "isi_stats": {"count": 9, "mean": 3540.3333333333335, "std": 3658.7298949832907, "min": 333.0, "max": 11429.0, "skewness": 1.0299703439478345, "kurtosis_excess": -0.2231213278909796, "shannon_entropy_bits": 2.4193819456462626}, "band_fractions": {"5.5": 0.21875, "24.5": 0.203125, "104.0": 0.578125}}