{"file": "/home/kronos/mushroooom/data/zenodo_5790768/Enoki fungi Flammulina velutipes.txt", "channel": "diff_1", "fs_hz": 1.0, "spike_count": 847, "created_by": "joe knowles", "timestamp": "2025-08-19T11:38:33", "intended_for": "peer_review", "amplitude_stats": {"count": 847, "mean": 1.1399716656434475, "std": 0.6876692140376154, "min": -0.712, "max": 7.716, "skewness": 1.894854682883126, "kurtosis_excess": 10.912111451070002, "shannon_entropy_bits": 2.522413646329485}, "duration_stats": {"count": 847, "mean": 13.040141676505312, "std": 22.810099339045884, "min": 0.0, "max": 209.0, "skewness": 3.824244164652945, "kurtosis_excess": 19.871782235152278, "shannon_entropy_bits": 1.7540956219998625}, "isi_stats": {"count": 846, "mean": 1272.8037825059102, "std": 1739.702042852544, "min": 181.0, "max": 28770.0, "skewness": 7.016553684853622, "kurtosis_excess": 83.85997900887908, "shannon_entropy_bits": 1.0979961780575231}, "band_fractions": {"5.5": 0.109375, "24.5": 0.078125, "104.0": 0.8125}}