{
  "taus": [
    "tau_5.5",
    "tau_24.5",
    "tau_104",
    "tau_5.5_norm",
    "tau_24.5_norm",
    "tau_104_norm"
  ],
  "mean": [
    1052886666.6770844,
    1188140709.3238544,
    1402689481.404869,
    0.23354972577385213,
    0.28576274689645564,
    0.48068752732969217
  ],
  "lo": [
    1083553.3079100791,
    4453707.734340003,
    28965985.63983679,
    0.012306362997302464,
    0.09694805580989338,
    0.2766214393231991
  ],
  "hi": [
    3366717325.7262654,
    3771387789.361719,
    3996994036.9117246,
    0.33476482119795503,
    0.39158750041266666,
    0.8803161327123377
  ]
}