{
  "t_center_s": [
    1800.0,
    5400.0,
    9000.0,
    12600.0,
    16200.0,
    19800.0,
    23400.0,
    27000.0,
    30600.0,
    34200.0,
    37800.0,
    41400.0,
    45000.0,
    48600.0,
    52200.0,
    55800.0,
    59400.0,
    63000.0,
    66600.0,
    70200.0,
    73800.0,
    77400.0,
    81000.0,
    84600.0,
    88200.0,
    91800.0,
    95400.0,
    99000.0,
    102600.0,
    106200.0,
    109800.0,
    113400.0,
    117000.0,
    120600.0,
    124200.0,
    127800.0,
    131400.0,
    135000.0,
    138600.0,
    142200.0,
    145800.0,
    149400.0,
    153000.0,
    156600.0,
    160200.0,
    163800.0,
    167400.0,
    171000.0,
    174600.0,
    178200.0,
    181800.0,
    185400.0,
    189000.0,
    192600.0,
    196200.0,
    199800.0,
    203400.0,
    207000.0,
    210600.0,
    214200.0,
    217800.0,
    221400.0,
    225000.0,
    228600.0,
    232200.0
  ],
  "mean_rate_per_hr": [
    14.0,
    0.0,
    0.0,
    0.0,
    0.0,
    0.0,
    0.0,
    0.0,
    0.0,
    0.0,
    0.0,
    0.0,
    0.0,
    0.0,
    0.0,
    0.0,
    0.0,
    0.0,
    0.0,
    0.0,
    0.0,
    0.0,
    0.0,
    0.0,
    0.0,
    0.0,
    0.0,
    0.0,
    0.0,
    0.0,
    0.0,
    0.0,
    0.0,
    0.0,
    0.0,
    0.0,
    0.0,
    0.0,
    0.0,
    0.0,
    0.0,
    0.0,
    0.0,
    0.0,
    0.0,
    0.0,
    0.0,
    0.0,
    0.0,
    0.0,
    0.0,
    0.0,
    0.0,
    0.0,
    0.0,
    0.0,
    0.0,
    0.0,
    0.0,
    0.0,
    0.0,
    0.0,
    0.0,
    0.0,
    0.0
  ],
  "lo_rate_per_hr": [
    6.666351521923075,
    0.0,
    0.0,
    0.0,
    0.0,
    0.0,
    0.0,
    0.0,
    0.0,
    0.0,
    0.0,
    0.0,
    0.0,
    0.0,
    0.0,
    0.0,
    0.0,
    0.0,
    0.0,
    0.0,
    0.0,
    0.0,
    0.0,
    0.0,
    0.0,
    0.0,
    0.0,
    0.0,
    0.0,
    0.0,
    0.0,
    0.0,
    0.0,
    0.0,
    0.0,
    0.0,
    0.0,
    0.0,
    0.0,
    0.0,
    0.0,
    0.0,
    0.0,
    0.0,
    0.0,
    0.0,
    0.0,
    0.0,
    0.0,
    0.0,
    0.0,
    0.0,
    0.0,
    0.0,
    0.0,
    0.0,
    0.0,
    0.0,
    0.0,
    0.0,
    0.0,
    0.0,
    0.0,
    0.0,
    0.0
  ],
  "hi_rate_per_hr": [
    21.333648478076924,
    6.198064213930024e-05,
    6.198064213930024e-05,
    6.198064213930024e-05,
    6.198064213930024e-05,
    6.198064213930024e-05,
    6.198064213930024e-05,
    6.198064213930024e-05,
    6.198064213930024e-05,
    6.198064213930024e-05,
    6.198064213930024e-05,
    6.198064213930024e-05,
    6.198064213930024e-05,
    6.198064213930024e-05,
    6.198064213930024e-05,
    6.198064213930024e-05,
    6.198064213930024e-05,
    6.198064213930024e-05,
    6.198064213930024e-05,
    6.198064213930024e-05,
    6.198064213930024e-05,
    6.198064213930024e-05,
    6.198064213930024e-05,
    6.198064213930024e-05,
    6.198064213930024e-05,
    6.198064213930024e-05,
    6.198064213930024e-05,
    6.198064213930024e-05,
    6.198064213930024e-05,
    6.198064213930024e-05,
    6.198064213930024e-05,
    6.198064213930024e-05,
    6.198064213930024e-05,
    6.198064213930024e-05,
    6.198064213930024e-05,
    6.198064213930024e-05,
    6.198064213930024e-05,
    6.198064213930024e-05,
    6.198064213930024e-05,
    6.198064213930024e-05,
    6.198064213930024e-05,
    6.198064213930024e-05,
    6.198064213930024e-05,
    6.198064213930024e-05,
    6.198064213930024e-05,
    6.198064213930024e-05,
    6.198064213930024e-05,
    6.198064213930024e-05,
    6.198064213930024e-05,
    6.198064213930024e-05,
    6.198064213930024e-05,
    6.198064213930024e-05,
    6.198064213930024e-05,
    6.198064213930024e-05,
    6.198064213930024e-05,
    6.198064213930024e-05,
    6.198064213930024e-05,
    6.198064213930024e-05,
    6.198064213930024e-05,
    6.198064213930024e-05,
    6.198064213930024e-05,
    6.198064213930024e-05,
    6.198064213930024e-05,
    6.198064213930024e-05,
    6.198064213930024e-05
  ]
}