{
  "taus": [
    "tau_5.5",
    "tau_24.5",
    "tau_104",
    "tau_5.5_norm",
    "tau_24.5_norm",
    "tau_104_norm"
  ],
  "mean": [
    2088411.9872567824,
    2501938.763785034,
    2586356.9657026236,
    0.24664508349103223,
    0.31535562862757016,
    0.4379992878813977
  ],
  "lo": [
    57274.46234142767,
    139429.07401742082,
    893421.1219527825,
    0.023051690067903273,
    0.10903946405072897,
    0.25681454176072255
  ],
  "hi": [
    5250798.192948988,
    6402967.186448734,
    5521629.967021556,
    0.47337550853379895,
    0.4061559456836158,
    0.8180845114433866
  ]
}