{"file": "data/zenodo_5790768/Schizophyllum commune.txt", "channel": "diff_1", "fs_hz": 1.0, "spike_count": 10, "created_by": "joe knowles", "timestamp": "2025-08-30T13:52:52", "intended_for": "peer_review", "amplitude_stats": {"count": 10, "mean": 0.18950000600000003, "std": 0.4503141740651744, "min": -0.87, "max": 0.70600003, "skewness": -1.2147715769571845, "kurtosis_excess": 0.5527053082193709, "shannon_entropy_bits": 3.121928094887194}, "duration_stats": {"count": 10, "mean": 34.0, "std": 55.967847912886555, "min": 0.0, "max": 176.0, "skewness": 1.6839073171330028, "kurtosis_excess": 1.4189644097085337, "shannon_entropy_bits": 1.7709505944546358}, "isi_stats": {"count": 9, "mean": 3540.3333333333335, "std": 3658.7298949832907, "min": 333.0, "max": 11429.0, "skewness": 1.0299703439478345, "kurtosis_excess": -0.2231213278909796, "shannon_entropy_bits": 2.4193819456462626}, "band_fractions": {"5.5": 0.21875, "24.5": 0.203125, "104.0": 0.578125}, "stimulus_validation": {"summary": {"total_stimuli": 5, "analyzed_responses": 5, "significant_responses": 5, "significant_percentage": 100.0, "strong_effect_responses": 5, "strong_effect_percentage": 100.0, "average_cohens_d": 1.403207423552934, "median_p_value": 1.8843136574919692e-54}, "individual_responses": [{"stimulus_time_s": 1000.0, "pre_window_samples": 200, "post_window_samples": 200, "pre_stats": {"mean": 0.69609500025, "std": 0.020184796297032542, "median": 0.697, "min": 0.652, "max": 0.73700005}, "post_stats": {"mean": 0.6293449990500001, "std": 0.04105040960886773, "median": 0.631499985, "min": 0.534, "max": 0.70600003}, "statistical_tests": {"t_test": {"t_statistic": 20.58442003430314, "p_value": 1.1878419872301457e-58, "significant": true}, "mann_whitney": {"u_statistic": 37359.5, "p_value": 5.829881043460186e-51, "significant": true}, "effect_size": {"cohens_d": 2.0636074870939374, "interpretation": "large"}}, "signal_changes": {"mean_change": -0.06675000119999996, "median_change": -0.06550001499999991, "std_change": 0.020865613311835188, "mean_change_percent": -9.589208538493587}}, {"stimulus_time_s": 5000.0, "pre_window_samples": 200, "post_window_samples": 200, "pre_stats": {"mean": -0.013064999995, "std": 0.02402229742365726, "median": -0.0135, "min": -0.064, "max": 0.044}, "post_stats": {"mean": 0.03491000003999999, "std": 0.0248163635778331, "median": 0.035500001, "min": -0.017, "max": 0.095000006}, "statistical_tests": {"t_test": {"t_statistic": -19.594553655294426, "p_value": 2.549758586310034e-60, "significant": true}, "mann_whitney": {"u_statistic": 3392.0, "p_value": 8.528950481500082e-47, "significant": true}, "effect_size": {"cohens_d": 1.9643724507149247, "interpretation": "large"}}, "signal_changes": {"mean_change": 0.04797500003499999, "median_change": 0.049000001, "std_change": 0.0007940661541758383, "mean_change_percent": 367.2024497004219}}, {"stimulus_time_s": 8000.0, "pre_window_samples": 200, "post_window_samples": 200, "pre_stats": {"mean": 0.43147000049999995, "std": 0.02466736855706538, "median": 0.432, "min": 0.37399998, "max": 0.48700002}, "post_stats": {"mean": 0.47391999995000006, "std": 0.021517752157047827, "median": 0.472, "min": 0.431, "max": 0.521}, "statistical_tests": {"t_test": {"t_statistic": -18.294039518628388, "p_value": 1.8843136574919692e-54, "significant": true}, "mann_whitney": {"u_statistic": 4043.0, "p_value": 2.4617180462381224e-43, "significant": true}, "effect_size": {"cohens_d": 1.833994684179692, "interpretation": "large"}}, "signal_changes": {"mean_change": 0.04244999945000011, "median_change": 0.03999999999999998, "std_change": -0.0031496164000175512, "mean_change_percent": 9.838459081931031}}, {"stimulus_time_s": 12000.0, "pre_window_samples": 200, "post_window_samples": 200, "pre_stats": {"mean": 0.5420299976999999, "std": 0.02221934361853264, "median": 0.5425, "min": 0.5, "max": 0.593}, "post_stats": {"mean": 0.5528499994, "std": 0.02074168350738006, "median": 0.552500015, "min": 0.509, "max": 0.60099995}, "statistical_tests": {"t_test": {"t_statistic": -5.021546246486361, "p_value": 7.765392987295491e-07, "significant": true}, "mann_whitney": {"u_statistic": 14674.0, "p_value": 4.088563730160573e-06, "significant": true}, "effect_size": {"cohens_d": 0.5034147386114842, "interpretation": "medium"}}, "signal_changes": {"mean_change": 0.010820001700000081, "median_change": 0.010000015000000029, "std_change": -0.0014776601111525824, "mean_change_percent": 1.9961997944602103}}, {"stimulus_time_s": 15000.0, "pre_window_samples": 200, "post_window_samples": 200, "pre_stats": {"mean": 0.35148500060000004, "std": 0.02415739582442815, "median": 0.352, "min": 0.302, "max": 0.39999998}, "post_stats": {"mean": 0.3320150006, "std": 0.03474643603424795, "median": 0.332, "min": 0.268, "max": 0.419}, "statistical_tests": {"t_test": {"t_statistic": 6.490190993983528, "p_value": 2.887413836655444e-10, "significant": true}, "mann_whitney": {"u_statistic": 26975.5, "p_value": 1.6050271494229864e-09, "significant": true}, "effect_size": {"cohens_d": 0.6506477571646319, "interpretation": "medium"}}, "signal_changes": {"mean_change": -0.019470000000000043, "median_change": -0.019999999999999962, "std_change": 0.010589040209819801, "mean_change_percent": -5.5393544437924565}}], "analysis_parameters": {"pre_window_s": 200.0, "post_window_s": 200.0, "fs_hz": 1.0, "pre_samples": 200, "post_samples": 200}}}