{"file": "data/zenodo_5790768/Enoki fungi Flammulina velutipes.txt", "channel": "diff_1", "fs_hz": 1.0, "spike_count": 1297, "created_by": "joe knowles", "timestamp": "2025-08-22T00:13:47", "intended_for": "peer_review", "amplitude_stats": {"count": 1297, "mean": 0.9598951409483423, "std": 0.5610141710828072, "min": -0.675, "max": 7.716, "skewness": 2.2447393114395995, "kurtosis_excess": 18.298486200950954, "shannon_entropy_bits": 2.289839686777215}, "duration_stats": {"count": 1297, "mean": 10.082498072474943, "std": 16.367176960452788, "min": 0.0, "max": 209.0, "skewness": 6.129005876782798, "kurtosis_excess": 51.16685910153687, "shannon_entropy_bits": 1.2532559916507622}, "isi_stats": {"count": 1296, "mean": 831.9212962962963, "std": 3038.019765006666, "min": 120.0, "max": 91408.0, "skewness": 22.843697258593913, "kurtosis_excess": 630.9100015478954, "shannon_entropy_bits": 0.12736348519596352}, "band_fractions": {"5.5": 0.0625, "24.5": 0.1875, "104.0": 0.75}}