{"snr": {"sqrt": 9914.598257320624, "stft": 56971757.623350255}, "concentration": {"sqrt": 0.6014113375537178, "stft": 0.013842836515039543}}